"code","name","email","phone","action"
"7skuc","Sim Steuber PhD","Freeda.Halvorson97@yahoo.com","430.174.0133 x682","ADD"
"18oir","Elisha Schoen","Cordell20@gmail.com","1-959-148-2608 x98578","ADD"
"0njl0","Edward Greenfelder","Laurie_Howe@gmail.com","883.423.8579 x87413","ADD"
"i6mch","Zechariah Baumbach","Abelardo_Cole16@gmail.com","725-542-8973","ADD"
"c6jzc","Benjamin Willms","Brent.Harber80@yahoo.com","1-116-075-5936 x20526","ADD"
"mv6k5","Vilma Grimes","Kristopher_Buckridge@yahoo.com","739-418-9077","ADD"
"dyyjl","Lottie Lakin","Reynold_Rohan@gmail.com","142.200.5936 x97684","ADD"
"cbvrx","Dr. Ally Mitchell","Erin.Considine@yahoo.com","057.358.3918 x1814","ADD"
"8gvn9","Novella Gutkowski Sr.","Gabe83@yahoo.com","208-026-4428 x645","ADD"
"yvxlc","Dr. Lemuel Ratke","Nicolas67@hotmail.com","916.411.7344 x30826","ADD"
"3k2ue","Mohammed Bashirian","Marianna_Streich2@hotmail.com","583-013-7380","ADD"
"jdkso","Shemar Walter","Nasir89@yahoo.com","(148) 951-9450 x444","ADD"
"9oh39","Merl Schmeler","Skye8@gmail.com","(520) 133-0396","ADD"
"fakjo","Arlie Weber","Marianna.Cole@yahoo.com","050.613.9780 x2939","ADD"
"tp7xh","Alisa Hackett","Eleonore_Gerlach41@hotmail.com","(792) 167-2305 x792","ADD"
"xd8zt","Murl Farrell","Jeffry.Batz@hotmail.com","029.204.7388","ADD"
"o0k3r","Mr. Samanta Deckow","Willa64@yahoo.com","758.969.9561","ADD"
"dpojz","Therese Shields","Arnoldo39@yahoo.com","1-635-204-7442","ADD"
"387d8","Conner Lakin","Allen80@hotmail.com","361.320.9756 x3239","ADD"
"265e3","Garth Stark","Dell.Bauch@gmail.com","120-632-6309","ADD"
"2ksrh","Dr. Van Stracke","Dallin75@gmail.com","808.074.5869 x491","ADD"
"v23bs","Rex Mante","Fanny75@yahoo.com","1-353-483-1999 x36136","ADD"
"7fa68","Ilene Brakus","Hans.Bernier26@gmail.com","1-987-581-8946 x89944","ADD"
"qcklv","Dee Shanahan","Zion27@gmail.com","(259) 090-2025 x32332","ADD"
"7v5g7","Karlie Mills","Garret_Osinski81@gmail.com","589.859.3161","ADD"
"4l1ne","Joana Nicolas","Carlee72@yahoo.com","008-733-0667 x423","ADD"
"f40ji","Mr. Anais Boehm","Reed39@yahoo.com","1-148-771-9154","ADD"
"jg856","Amina Labadie","Kassandra49@yahoo.com","(206) 000-8471","ADD"
"u3fto","Mrs. Dominique Marks","Dane.Baumbach@yahoo.com","1-391-008-1946 x62989","ADD"
"sfsb4","Maymie Carter","Damon.Donnelly@yahoo.com","(701) 754-6534 x99164","ADD"
"hujsa","Jacey Frami DVM","Louisa86@yahoo.com","(522) 857-4893","ADD"
"zpzyl","Jovany Bergnaum","Asia39@yahoo.com","1-789-986-0841","ADD"
"2dmya","Esteban Fahey","Devonte_Fahey82@gmail.com","356-403-0692 x613","ADD"
"rynwy","Stanley Kutch","Justyn.Lang@yahoo.com","1-871-569-2331","ADD"
"qobn3","Gaetano McClure","Brock.Schoen@hotmail.com","710.371.5057","ADD"
"yii4r","Mohammed Schumm","Tina24@hotmail.com","1-376-602-0138","ADD"
"jmtix","Jayde Windler","Jennyfer_Jaskolski@gmail.com","(757) 864-3460 x07329","ADD"
"6gug7","Nakia Schaden V","Steve_King@gmail.com","417.493.4581","ADD"
"tgekb","Hailee Yost","Esteban22@hotmail.com","007.198.6554","ADD"
"is3j0","Delfina Olson","Stephania20@gmail.com","(399) 184-1047","ADD"
"0isyk","Penelope Cormier DDS","Darius.Jerde39@yahoo.com","(400) 083-5501 x37301","ADD"
"5q3xm","Logan Welch","Sheldon.Wolf42@gmail.com","632-536-2923 x686","ADD"
"o2peb","Lois Balistreri","Anderson_Hoeger@gmail.com","(737) 179-9065 x993","ADD"
"7bg9y","Lacy Conn","Marjorie_Ledner@hotmail.com","264-503-7498 x1298","ADD"
"bsn7k","Shaniya Kling","Austen.Sawayn@gmail.com","820-236-7634 x0228","ADD"
"3en6m","Adrain Lynch","Kaden_Emard51@hotmail.com","509-645-2684","ADD"
"sj3dl","Dejuan Huels","Heath45@hotmail.com","(532) 219-8815 x639","ADD"
"408h2","Joe Schimmel","Kaelyn_Vandervort59@gmail.com","941.186.9492","ADD"
"fr4t3","Elroy Schumm","Roderick.Prosacco81@gmail.com","(162) 408-7119","ADD"
"5f3n8","Santa Johnston DVM","Lucius30@gmail.com","1-135-294-4263 x6790","ADD"
"xozen","Pat Collins","Pablo_Thiel71@yahoo.com","(245) 653-9664 x4804","ADD"
"gql1m","Carmine Reilly","Ally.Koch29@yahoo.com","1-574-007-6431 x221","ADD"
"cia5u","Miss Norwood Swift","Ursula_Ritchie@yahoo.com","889-042-8906","ADD"
"mmijp","Aida Cruickshank","Brenna.Ritchie93@gmail.com","1-486-002-8366 x236","ADD"
"wj1qn","Blaise Thiel","Brannon.Bins89@hotmail.com","1-418-139-6537 x36008","ADD"
"e6kqn","Alexie VonRueden","Neal_Ziemann@gmail.com","(737) 275-9848","ADD"
"rqv84","Rowan Runolfsdottir PhD","Jamison_Willms31@hotmail.com","814-774-0083","ADD"
"a0h5e","Miss Joana Collins","Marcelina66@gmail.com","1-852-903-4971","ADD"
"k3256","Tod Greenholt","Diamond.Jaskolski@yahoo.com","1-643-385-9778 x2101","ADD"
"41pss","Elsie Veum","Kayden.Nicolas71@hotmail.com","(690) 525-1666","ADD"
"75qcw","Ashlee Becker","Lyric53@hotmail.com","1-281-032-0245","ADD"
"1svtd","Adrien Lang I","Myah22@yahoo.com","596-775-8267 x6418","ADD"
"wt75w","Mikayla Rippin","Jessie88@gmail.com","154.935.5309","ADD"
"lj9ac","Logan Schroeder","Ron.Mosciski@gmail.com","306.733.5519 x69495","ADD"
"oow12","Jaiden Bauch","Dejon_McKenzie@gmail.com","239-899-8452 x95557","ADD"
"1lq16","Cletus Franecki MD","Quincy.Boyle@yahoo.com","578-563-6645 x2779","ADD"
"rz90u","Cassandra Ward","Kaylie41@gmail.com","1-976-438-8792","ADD"
"vdzes","Otha Bruen","Arvilla.Marvin83@hotmail.com","056-840-4061 x9575","ADD"
"pex3u","Isabella Abshire","Ernestine.Pacocha61@hotmail.com","(419) 393-8590 x083","ADD"
"h2kwz","Beau O'Hara","Garett28@yahoo.com","1-080-415-3996 x6368","ADD"
"04m1c","Merle Leffler","Dale.Sawayn@gmail.com","333.776.8795","ADD"
"6rrox","Jayme Purdy","Brice_Hyatt@hotmail.com","223-194-8738","ADD"
"7lsi1","Pearline Lemke","Connor_Parker@gmail.com","618.807.2894","ADD"
"ct50m","Caroline Jakubowski","Kathryne83@gmail.com","210.838.0945 x915","ADD"
"tn6rg","Mrs. Maxwell Gaylord","Nellie.McCullough10@yahoo.com","(356) 679-7507 x5789","ADD"
"ov3dv","Dana Klein","Chaz.Zemlak@hotmail.com","230.352.0909 x72175","ADD"
"y7u96","Wyatt Jerde","Ignatius_Kuhic39@hotmail.com","1-411-194-1453 x012","ADD"
"cn1zy","Rupert Hane","Blanche_Thompson@gmail.com","368-471-8381","ADD"
"o42i2","Pascale Mills","Creola_Blanda32@hotmail.com","(055) 519-8983 x104","ADD"
"nfn3r","Tavares Kozey","Morgan_Klein@gmail.com","379-914-3737 x39503","ADD"
"qgp3k","Ms. Maverick Shanahan","Malcolm44@gmail.com","654-622-8208","ADD"
"cs5b8","Susanna Hayes","Ward.Larson3@gmail.com","926-506-4596","ADD"
"14iyg","Jaleel Rohan","Orlo.Bashirian@gmail.com","1-659-328-8251 x1798","ADD"
"h05og","Jalen Berge","Cloyd.Reichel17@gmail.com","152-904-7832","ADD"
"w8h1h","Ms. Joaquin Mosciski","Zechariah_Terry12@hotmail.com","(554) 058-8266 x70739","ADD"
"mzssp","Mr. Josiane Kris","Novella_Farrell5@gmail.com","(111) 595-7728","ADD"
"s593l","Mac O'Kon","Clare_Kohler25@gmail.com","996-842-7878","ADD"
"uuhvt","Katherine Welch","Libbie_Bergstrom4@hotmail.com","1-667-153-0741 x82760","ADD"
"b80y3","Jerod Senger V","Manuela90@gmail.com","456.037.0676 x02664","ADD"
"6kap2","Antoinette Schmidt","Hertha_Zemlak@hotmail.com","(756) 272-2931 x975","ADD"
"4hrc3","Beryl Torphy","Imani.Bogisich5@gmail.com","(528) 558-6674","ADD"
"m8w1m","Federico Krajcik","Imelda.Gerlach24@yahoo.com","084-583-3176","ADD"
"t1e1h","Dwight Roberts","Emmitt_Ryan@hotmail.com","708-165-4107 x09999","ADD"
"gd93d","Ms. Liliane Kovacek","Joan25@gmail.com","697.022.9567 x265","ADD"
"orlv5","Amani Fritsch","Winfield_Gorczany74@gmail.com","1-811-215-4509","ADD"
"otnr9","Ms. Jason Boehm","Avery_Bruen@gmail.com","1-920-423-2197 x8856","ADD"
"n9vmk","Tressa Lubowitz","Kaycee_Haley92@gmail.com","979.881.4753 x5234","ADD"
"fcq9f","Ms. Lawrence Champlin","Dallas95@hotmail.com","530-455-9070 x17752","ADD"
"spbqo","Mr. Judson Tillman","Amely26@yahoo.com","779.381.7420 x032","ADD"
"kvaqz","Evalyn Feest Sr.","Chris_Gaylord10@gmail.com","(678) 287-0367","ADD"
"50ijc","Herta Casper","Darrick52@gmail.com","747-349-1562","ADD"
"fqo63","Verla Schuppe DDS","Shana23@yahoo.com","693.766.6603 x3064","ADD"
"va4nt","Arvid Beatty Sr.","Telly_Lubowitz@yahoo.com","547.513.1716","ADD"
"vtjz0","Ernest Schmidt","Paolo_Yost@hotmail.com","1-134-267-8572 x736","ADD"
"k86fo","Jane Barton","Hipolito23@hotmail.com","678.973.9051 x0233","ADD"
"rstu9","Brandi Rohan","Bo.Walter@gmail.com","975-541-8226","ADD"
"rbu05","Brianne Lockman PhD","Bertrand40@hotmail.com","(653) 775-2066","ADD"
"lzs00","Josephine Gutkowski","Mckenna.Cole11@hotmail.com","(020) 497-1378 x131","ADD"
"dphgb","Yasmeen Maggio","Meagan78@hotmail.com","063.580.0873 x55279","ADD"
"vyed6","Elmira Hodkiewicz","Eli59@gmail.com","1-879-563-9132 x959","ADD"
"beyym","Mr. Moriah Connelly","Olen.Skiles59@yahoo.com","(366) 318-1263 x8960","ADD"
"5gpgt","Lea Hilll","Wendell43@gmail.com","1-846-335-3065 x1782","ADD"
"wmik9","Elaina Shanahan","Russell_Tillman9@yahoo.com","944-705-2309 x410","ADD"
"k30kl","Wilson Williamson","Orin35@hotmail.com","452.678.8035","ADD"
"6v8pi","Lura Strosin","Dante.Becker47@gmail.com","640-314-6458 x76746","ADD"
"ohwfi","Dr. Iva Rutherford","Santina_Graham15@hotmail.com","1-674-746-7147","ADD"
"4qe5r","Justine Collier","Ora14@yahoo.com","1-991-482-6198","ADD"
"1cs59","Eunice O'Conner","Matteo91@hotmail.com","1-206-482-3860","ADD"
"77jx9","Sydnee Franecki","Jasper44@gmail.com","1-208-033-5423","ADD"
"ly3zp","Dahlia Lesch","Colin_OKeefe98@yahoo.com","896.245.5628 x688","ADD"
"r25je","Lucious Vandervort","Mireille83@yahoo.com","1-925-286-0860","ADD"
"huz0v","Cleora Terry MD","Marty66@yahoo.com","(221) 075-8246 x81105","ADD"
"2xmik","Laron Cruickshank","Graham_Cremin@hotmail.com","193-670-5653","ADD"
"2of00","Kiarra Strosin","Iliana_Kuhlman@yahoo.com","959-103-9176 x117","ADD"
"6dlvd","Wilton Johnson","Jevon18@yahoo.com","165.828.6803","ADD"
"kegnc","Austen Mayer","Gaston6@yahoo.com","590-136-9627","ADD"
"q9g2k","Kurtis McClure MD","Oren.Haag@hotmail.com","1-537-605-8441 x33050","ADD"
"3u9nd","Rosalee Von","Gina.Jacobson18@gmail.com","479-165-8921","ADD"
"fdrxp","Jedidiah Hauck","Gregg_Orn@gmail.com","934-938-0096","ADD"
"4ci4z","Nona Bahringer","Jess_Mohr@gmail.com","(476) 005-9739","ADD"
"1ctih","Mrs. Marcel Wolff","Joel93@gmail.com","(738) 662-8606 x4075","ADD"
"wp7lu","Kaia Hintz","Kamille_Fahey99@hotmail.com","938.201.5787","ADD"
"1sigb","Josiah Berge V","Jaylen28@gmail.com","065-618-4892 x23464","ADD"
"n4c1m","Arden Blanda","Willie_Rowe@gmail.com","1-650-316-5979","ADD"
"dwwl8","Arnaldo Stamm","Johnson.Klocko@yahoo.com","750.811.2659 x423","ADD"
"9vh4x","Dr. Walton Larkin","Ana_Bins0@gmail.com","048.069.0642 x932","ADD"
"3x3tc","Isom Erdman","Lesly_Koss31@yahoo.com","394-672-7539 x3075","ADD"
"wtbh6","Dan Will","Edgardo.Purdy@gmail.com","1-825-798-9002 x241","ADD"
"jg0hw","Titus Ankunding II","Vince95@yahoo.com","993.818.7821 x45071","ADD"
"vtu3w","Mozell Goyette","Keith87@yahoo.com","536-382-4292 x788","ADD"
"vdspr","Katrina D'Amore","Monte93@hotmail.com","1-366-487-4805 x21085","ADD"
"t1twm","Priscilla Wintheiser","Nicklaus.Schaden@hotmail.com","184.908.3032 x257","ADD"
"hg9jx","Gina Bailey","Ova_Hand@yahoo.com","877.308.0484","ADD"
"6ut79","Joannie Blanda","Ralph_VonRueden6@hotmail.com","761-997-1747 x590","ADD"
"ssg0r","Riley Wiegand","Candida_Boyle@hotmail.com","(582) 989-1600 x6913","ADD"
"b02z8","Martina Gutkowski","Jayden58@hotmail.com","933.525.7618","ADD"
"wvyzv","Mr. Gloria Reichert","Walton25@yahoo.com","585.586.0040","ADD"
"44qcp","Valerie Smitham","Paris.Muller61@gmail.com","(774) 272-5007 x4516","ADD"
"wqdpn","Eulah Fay","Emanuel_Legros61@gmail.com","(178) 936-6331 x80878","ADD"
"9rq3n","Alexanne Stehr","Buford60@gmail.com","411-176-5448 x923","ADD"
"ywk50","Dr. Lacy Harber","Cordie.Rowe@gmail.com","1-677-016-2817 x93857","ADD"
"yr8pk","Naomie Jenkins","Glenda_Breitenberg95@yahoo.com","105-126-2248","ADD"
"npq3e","Evert Dibbert","Lupe78@yahoo.com","759.563.0356 x50804","ADD"
"2jqls","Meta Heidenreich","German_Pouros@yahoo.com","(008) 352-7973 x24809","ADD"
"wnv4g","Giovanny Towne","Doug27@gmail.com","(029) 283-9045 x9288","ADD"
"rg9mz","Adrian Lowe","Conor_McKenzie30@hotmail.com","196.317.2937","ADD"
"prfan","Annamarie Von","Tessie_Pacocha65@hotmail.com","1-176-229-5207","ADD"
"5maul","Yazmin Donnelly","Alexandro.Vandervort93@gmail.com","150.781.5194 x333","ADD"
"j7m06","Katlyn Dibbert","Bernadette99@yahoo.com","1-115-665-7692 x8905","ADD"
"8mk80","Earlene Purdy","Mack.Jaskolski53@yahoo.com","1-620-543-3645 x0093","ADD"
"a8p6r","Amaya Dickinson","Franco_Hessel@hotmail.com","913-894-2556 x934","ADD"
"kk6o5","Alec Wiegand","Albert_Bauch74@hotmail.com","074-187-5751","ADD"
"s7tip","Dillan Haley IV","Sadye_Hegmann40@hotmail.com","(691) 425-1335","ADD"
"uxrzr","Sandrine Muller","Vladimir_Beatty36@gmail.com","(218) 633-4574","ADD"
"6c4t3","Madaline Bruen","Madison61@hotmail.com","611-881-2119 x39845","ADD"
"bjak0","Elwyn Wintheiser","Kayden_DAmore74@gmail.com","759-612-8695","ADD"
"vnwjq","Haven McDermott","Felicia.Thompson@gmail.com","(184) 242-9453 x9191","ADD"
"83yb0","Josefina Berge DVM","Randy.Padberg@hotmail.com","1-155-378-6109 x8366","ADD"
"mb1m6","Mateo Thompson","Mohammed.Paucek63@yahoo.com","488-536-5820 x39434","ADD"
"5d5uk","Percy Schuppe","Adrien3@yahoo.com","1-382-065-2257 x9141","ADD"
"9d9yy","Jabari Wolf","Keanu_Olson@hotmail.com","(030) 367-4838","ADD"
"i85y5","Isidro Berge","Ryan_Zulauf@gmail.com","1-493-527-6461 x675","ADD"
"kqq9m","Hazle Runolfsson","Garrett.White55@hotmail.com","405.972.6263","ADD"
"8f8w9","Talia Batz PhD","Keith_Dibbert50@yahoo.com","(116) 526-5796 x6286","ADD"
"00ccg","Shaun Johnston","Rowena.Schuster@hotmail.com","(198) 046-6456","ADD"
"zip9v","Edgar Breitenberg DDS","Tyrell.Wyman6@hotmail.com","1-776-839-9679 x1023","ADD"
"zaja4","Winona Beatty","Zechariah3@hotmail.com","579-682-0723","ADD"
"ii9x0","Jerad Homenick","Geraldine.Marks@yahoo.com","241.794.5669","ADD"
"7vubv","Santos Hartmann","Aurore_Hayes@yahoo.com","146.249.4415","ADD"
"gg9re","Miss Javon Wolff","Joey_Schuppe@hotmail.com","1-220-806-6556 x07697","ADD"
"36pdw","Kay Krajcik","Christiana_Kuphal35@hotmail.com","834-351-5763 x5089","ADD"
"3lh87","Emely Mante I","Evan27@gmail.com","(906) 452-0040 x0100","ADD"
"nhpox","Nelson Mayert","Adrian65@yahoo.com","(330) 170-4157 x268","ADD"
"uvh3d","Elena Cartwright","Fabian_Hansen13@yahoo.com","810.852.2218","ADD"
"3zg67","Esmeralda McClure DDS","Stevie.Breitenberg@gmail.com","(788) 379-2534 x0152","ADD"
"y0vfz","Maddison Waters PhD","Lesly.Swift69@hotmail.com","(901) 194-8583 x88470","ADD"
"idr14","Gerry O'Reilly","Gilda_Veum@hotmail.com","(089) 827-0344 x9416","ADD"
"malaw","Dawson Funk","Cassidy2@gmail.com","(334) 510-7101","ADD"
"w3ocz","Daphnee Rippin","Shanie_MacGyver@yahoo.com","(638) 314-4043","ADD"
"lq4yp","Gabrielle Feeney","Savannah.Mitchell@hotmail.com","675.444.5377 x2380","ADD"
"c3e1v","Casey Huel V","Johann.Flatley@gmail.com","748.728.6103 x689","ADD"
"uqfgp","Mrs. Darien Sporer","Gilberto_Klein@hotmail.com","(459) 658-2088","ADD"
"ofwyx","Woodrow Keeling","Kaylah_Muller44@yahoo.com","520.120.4506","ADD"
"t6xwn","Retta Lemke DVM","Maudie81@gmail.com","218-964-7449","ADD"
"zvdct","Willow Gerhold","Rodger.Kovacek67@hotmail.com","018.217.4593 x89405","ADD"
"j7jcq","Lorenza Aufderhar","Tierra_Willms7@yahoo.com","(082) 506-3233 x8440","ADD"
"q58yb","Aubrey Kunze","Eliezer.Hettinger@gmail.com","1-868-405-4050 x79608","ADD"
"45388","Amir Fadel","Nakia_Bradtke77@yahoo.com","752.520.7047 x076","ADD"
"9i8cp","Shana Lowe","Ari31@gmail.com","1-598-202-5811 x07347","ADD"
"fymhk","Johnson Cruickshank","Jalen_Wolf36@hotmail.com","(458) 482-1568 x61409","ADD"
"7w8iv","Lloyd Runolfsson","Zola35@yahoo.com","(916) 528-0702 x7539","ADD"
"d860s","Brayan Cartwright","Wade62@gmail.com","478-779-3219 x06320","ADD"
"27wsd","Dr. Turner Corwin","Emily82@yahoo.com","252.135.3191","ADD"
"7mnvd","Daisha Trantow","Wilhelm_Bednar@hotmail.com","1-590-433-9528 x294","ADD"
"bivas","Enrique Veum","Otis_Mante97@gmail.com","231-589-6795 x7764","ADD"
"wvfzh","Breanne Spencer","Zelda_Cronin51@hotmail.com","(486) 144-9625 x4093","ADD"
"6gzmr","Vesta Gislason","Pauline13@gmail.com","1-617-854-3282 x17621","ADD"
"bzbjz","Kamren Witting","Millie_Blanda@yahoo.com","1-282-974-9092","ADD"
"n9uhv","Addison Fay","Gregorio_Effertz@gmail.com","1-071-588-5847 x17708","ADD"
"03eif","Victor Schuster","Filiberto39@yahoo.com","1-236-049-4672 x084","ADD"
"78xcr","Abraham Oberbrunner","Easter37@gmail.com","1-701-996-3701 x50469","ADD"
"nx186","Creola Wolf","Noah37@gmail.com","428.220.8401 x2612","ADD"
"gzz0g","Jeffrey Boyer","Prince.Ernser57@yahoo.com","(456) 200-5263 x191","ADD"
"ua8mm","Pascale Kuhlman","Jarret_Robel@hotmail.com","(735) 363-2944","ADD"
"yh4uk","Miss Jazmyne Kub","Shemar.Kertzmann79@yahoo.com","(333) 837-9699","ADD"
"sgig2","Dr. Citlalli McKenzie","Bernardo.Oberbrunner@yahoo.com","1-443-386-5573 x2474","ADD"
"fmn5q","Lillie Beer","Nolan86@hotmail.com","(805) 592-6352","ADD"
"lxcg9","Katharina Towne III","Desiree.Hartmann@hotmail.com","336.883.0448 x65053","ADD"
"lowz7","Mr. Lyda Franecki","Josh24@gmail.com","281.919.8065 x0458","ADD"
"3qs1m","Roderick Kovacek","Orville_Simonis@yahoo.com","411.587.6664","ADD"
"wrr0t","Devin Moen","Deondre_Rosenbaum11@hotmail.com","479.287.8746","ADD"
"pwxyq","Alta Conn","Nathaniel_McKenzie77@gmail.com","1-892-612-6657","ADD"
"e7w27","Manuela Conroy","Viviane.Rohan@yahoo.com","386.749.0250 x60949","ADD"
"jxzy1","Nakia Powlowski","Armand.Trantow@yahoo.com","1-551-920-9771 x1433","ADD"
"ji7ou","Edward Hodkiewicz IV","Sherwood.Gleichner26@hotmail.com","1-067-112-5884","ADD"
"4gcxo","Joana Christiansen","Alexandrea.Heller5@hotmail.com","1-319-952-5218","ADD"
"vrat6","Ernest Stiedemann","Maegan_Schroeder10@gmail.com","275-032-6637","ADD"
"lesab","Devan Turner","Trey57@gmail.com","049-498-3225 x170","ADD"
"y8odv","Jordi Little II","Lewis11@hotmail.com","(040) 007-8964 x3243","ADD"
"02mgj","Isadore Torphy","Maurine85@hotmail.com","456-906-8170 x712","ADD"
"s3gty","Lawrence Waelchi","Jackeline32@gmail.com","339-365-9909","ADD"
"ttjxn","Kayli Marvin","Adell.Beahan@gmail.com","(166) 898-5000","ADD"
"6seg6","Paige Graham","Orpha_Corwin30@gmail.com","839-573-4829 x19845","ADD"
"zc7g2","Julius Spinka","Brody2@yahoo.com","176-278-5872","ADD"
"59os4","Erik Carter","Clarissa64@yahoo.com","1-201-946-0583 x80130","ADD"
"hz2ba","Eula Considine","Kyleigh.Lesch21@hotmail.com","(507) 175-3686","ADD"
"r6i07","Ashton Miller II","Americo_Ruecker85@hotmail.com","838-294-2445","ADD"
"srisq","Bettye Mayert","Lilla_Pfeffer39@gmail.com","(958) 191-2139","ADD"
"jsa4i","Lionel Nader","Lia25@yahoo.com","(559) 862-6656","ADD"
"cixw1","Idella Dicki","Lavinia.Bergnaum@hotmail.com","(326) 227-6720","ADD"
"jbt0d","Gaylord Kulas","Willard_Hoppe@gmail.com","1-144-272-4574 x8575","ADD"
"4etd2","Lewis Kuhn I","Krystal.Morissette@yahoo.com","212.895.2946 x81552","ADD"
"n20dw","Zechariah Daniel","Freida.Morar@gmail.com","1-426-087-6107","ADD"
"ht15k","Harry Will","Eulah_Schneider@hotmail.com","1-919-589-6437 x3197","ADD"
"z8prf","Jalen Dickens","Pearl47@gmail.com","382.211.3625 x8892","ADD"
"16nsm","Dr. Janice Marquardt","Xzavier_Bradtke@hotmail.com","1-046-605-8632 x277","ADD"
"nc9tq","Ava Dickens","Jadyn_Flatley6@hotmail.com","769.769.1121","ADD"
"fo7ql","Ms. Ellie Barrows","Luciano_Heidenreich21@yahoo.com","(360) 950-6045 x18557","ADD"
"8wxnp","Lauretta Howell DVM","Kaycee51@yahoo.com","161-876-1392","ADD"
"zffrk","Angelita Tillman","Barbara74@hotmail.com","(467) 610-8292","ADD"
"kztbc","Ms. Noemie Fadel","Keith.Brakus@gmail.com","1-837-981-8856","ADD"
"tuxom","Arvilla Altenwerth","Lane_Pfannerstill39@yahoo.com","388.544.9496","ADD"
"o5hpa","Gina Buckridge","Abner.Casper@hotmail.com","785.143.9215","ADD"
"ypljk","Dawson Swaniawski","Jayson_Nitzsche@gmail.com","993-458-6306","ADD"
"fpmhl","Chelsea Strosin","Abbie21@gmail.com","765-095-2722 x78288","ADD"
"6klyp","Amanda Sipes","Clarissa_Moore@hotmail.com","(994) 167-4945 x76762","ADD"
"j2gbf","Rodger Rutherford II","Hilbert_Bradtke@gmail.com","839.246.8543 x522","ADD"
"j9dkt","Wendell Robel","Margarett_Stokes69@hotmail.com","(330) 756-0116 x477","ADD"
"5dkm6","Marguerite Dach","Keira_Larson81@gmail.com","1-471-253-4231","ADD"
"pn07i","Haylee Mertz","Ashtyn41@hotmail.com","969.611.9672 x85762","ADD"
"pio4q","Javon Trantow","Lelia_Hauck91@hotmail.com","1-038-087-2855 x211","ADD"
"wp6em","Aditya Rosenbaum V","Camilla.Predovic29@hotmail.com","(374) 942-0672 x382","ADD"
"mnum0","Loy Walker","Tyrique51@yahoo.com","511.250.3341 x204","ADD"
"ujfto","Earline Macejkovic","Bria.Koss@yahoo.com","1-042-549-0036 x0536","ADD"
"gmxy2","Everett Koepp","Joshuah_Harris@hotmail.com","1-395-108-5413 x98514","ADD"
"1b5iq","Belle Rice","Sven64@hotmail.com","218-003-1805 x124","ADD"
"8vcxd","Else Kshlerin","Arthur93@hotmail.com","(362) 775-1817 x7426","ADD"
"54jxx","Devon Rolfson","Kellie.Dickinson57@gmail.com","940.894.8440 x0437","ADD"
"fiq4j","Mathias Lebsack","Noemi.Romaguera@yahoo.com","679-193-5755","ADD"
"1c913","Dr. Carleton Dooley","Amely.Champlin87@yahoo.com","(735) 073-8364","ADD"
"ylwca","Kristin Bednar I","Dominic_Heaney83@yahoo.com","540.003.4142 x9281","ADD"
"q72cu","Sherwood Terry","Dina_Reichel@yahoo.com","1-860-815-0416","ADD"
"g58rb","Cooper Rodriguez","Dave37@gmail.com","1-684-529-5145","ADD"
"htxlb","Raina Lubowitz Sr.","Erik_Wilkinson57@gmail.com","844.238.1917","ADD"
"pprpd","Uriel McGlynn","Arthur_OConnell18@gmail.com","1-891-738-4201 x2897","ADD"
"gdhpk","Linnie Lehner","Felton48@yahoo.com","773-774-1596 x6749","ADD"
"cetfk","Reid Kris III","Kyle20@gmail.com","(985) 000-4385 x812","ADD"
"trc4u","Veda Bashirian","Edd_Klein3@hotmail.com","1-299-072-7362","ADD"
"8m1pr","Shaina Tromp","Cathryn72@gmail.com","844-436-5183","ADD"
"wnj1z","Cole Gottlieb","Dexter.Bashirian61@yahoo.com","500.814.3047 x7275","ADD"
"tfr8b","Valerie Ortiz","Andre.Morissette@yahoo.com","(082) 292-2750 x52115","ADD"
"e8and","Dr. Melyna Bahringer","Tony_Parker1@hotmail.com","214-508-4326 x215","ADD"
"xqfg2","Vernice Rice","Furman88@hotmail.com","1-057-041-6659 x409","ADD"
"os3rs","Thaddeus Reynolds","Nettie83@gmail.com","(779) 803-1962","ADD"
"lxh9i","Alta Shields","Cody_Prohaska@hotmail.com","551.146.0458 x0404","ADD"
"pzl6o","Dixie Toy","Mariano.Gislason@gmail.com","972.506.7762 x1161","ADD"
"z6fnf","Orie Prosacco II","Uriel62@hotmail.com","(340) 810-7811","ADD"
"u9hds","Tillman Legros","Mustafa_Franecki@hotmail.com","(718) 891-9615 x151","ADD"
"jawp9","Arvel Reinger","Verdie_Quigley@gmail.com","382.627.8399 x452","ADD"
"kwe2a","Verner Bergstrom","Gretchen.Moen81@hotmail.com","273.992.2243","ADD"
"8fenm","Mrs. Camylle Waelchi","Stone.Stanton@gmail.com","(664) 885-9107","ADD"
"eiex7","Mrs. Enoch Cartwright","Richard_Rice14@hotmail.com","1-012-542-3678 x977","ADD"
"m1br6","Sterling Dibbert","Everardo72@gmail.com","511-781-0910 x969","ADD"
"hzsom","Dr. Harley Prosacco","Dawson85@yahoo.com","153-152-1854","ADD"
"zz81n","Mr. Felix Gottlieb","Brenna96@yahoo.com","(073) 282-9630","ADD"
"zc5h4","Ernestina Boyle","Bo_Farrell30@hotmail.com","127.721.1357","ADD"
"ntziy","Zelda Kozey","Meta12@yahoo.com","1-574-015-5385","ADD"
"0cj62","Dolores Gibson","Rosalyn_Upton71@hotmail.com","1-429-652-5167 x268","ADD"
"w9od3","Electa Hilpert","Arlo.Cummerata59@yahoo.com","395.446.2900 x157","ADD"
"qjoa0","Joany Yost Sr.","Leila.Davis@yahoo.com","659.453.6442 x1298","ADD"
"s29ym","Davonte Kutch","Phoebe98@gmail.com","114-406-1228 x4261","ADD"
"sqndd","Hugh Funk","Paolo_Bartoletti83@gmail.com","432-363-3522 x70017","ADD"
"hfwic","Mrs. Agustina Baumbach","Clinton_Spencer41@yahoo.com","1-727-111-9585 x384","ADD"
"ffv8r","Vincenza Bechtelar","Laura8@hotmail.com","(305) 246-5958 x153","ADD"
"o3rgq","Camilla Barton","Bethany.Stoltenberg@gmail.com","591-876-7303","ADD"
"uqcpm","Tyra Crooks","Danny64@yahoo.com","489-323-1708 x771","ADD"
"akjb2","Efren Gusikowski","Sallie.Ebert7@hotmail.com","1-091-217-1726","ADD"
"sx1w5","Adan Carter","Antonia_Koss32@hotmail.com","(450) 850-5824","ADD"
"6qcnz","Mrs. Alia Crona","Shana.Gutkowski@hotmail.com","1-316-698-9670 x4114","ADD"
"vzjw5","Kristin Shanahan","Erika_Wintheiser15@yahoo.com","529-150-7418 x8830","ADD"
"e4xq2","Ladarius Kunze","Kamille.Funk@hotmail.com","530-820-0778","ADD"
"isy2e","Dr. Berenice Kohler","Waino4@hotmail.com","899.399.1514","ADD"
"0avfb","Abagail Runte","Mertie_Kunze91@gmail.com","993.459.9886 x3423","ADD"
"690h8","Dr. Eileen Gorczany","Valerie.Kuhlman68@gmail.com","164.689.0670 x72736","ADD"
"ki41b","Miss Randall Rice","Aaliyah11@hotmail.com","(129) 051-8470 x43671","ADD"
"716pp","Annamarie Rowe","Adrianna_Pacocha40@gmail.com","551-308-9222 x3512","ADD"
"vs1dk","Mary Lueilwitz PhD","Lexie_Wilderman@yahoo.com","704-303-8543 x78636","ADD"
"hcqmm","Edna Kassulke","Eldridge_Beahan@hotmail.com","1-706-584-3724 x766","ADD"
"mhfur","Arnaldo Cummerata II","Jayde.Morar@gmail.com","626.064.9013 x602","ADD"
"n9f9m","Yazmin Koch","Gunner.Jones@yahoo.com","183-967-1469 x095","ADD"
"x693n","Drew Pouros","Ivory80@gmail.com","867-311-9396 x77124","ADD"
"zg0us","Miss Zachery Bartell","Josiah.Hoeger@gmail.com","(936) 886-8755","ADD"
"oj9gn","Dereck Will I","Yvonne_Rohan@hotmail.com","1-446-903-7435 x737","ADD"
"ltdud","Stanley Erdman","Letitia82@hotmail.com","(366) 156-4263","ADD"
"tj9kv","Queen Huel","Damaris_Bogisich70@hotmail.com","1-429-006-2187","ADD"
"btck8","Jacinthe Crona","Whitney.Bartoletti27@yahoo.com","670.678.0237 x99998","ADD"
"z9pur","Devante Hudson","Rashad_Macejkovic84@hotmail.com","(519) 648-0577 x356","ADD"
"wj951","Lillian Mante","Lucile.Rutherford@yahoo.com","1-806-829-4647","ADD"
"rekg8","Braden Hills","Mavis_Stiedemann90@yahoo.com","(518) 351-0565 x93600","ADD"
"mkqpt","Beryl Grimes III","Jovany.Schimmel@gmail.com","820-082-3232 x88035","ADD"
"guh7y","Mossie Haag","Jaime3@yahoo.com","1-263-620-9062","ADD"
"z8hyn","Casper Bosco","Aliyah_Rolfson20@hotmail.com","1-484-114-7703 x47539","ADD"
"a0ayc","Ms. Betsy Krajcik","Ayana_Gaylord@hotmail.com","654.081.4247 x66154","ADD"
"36hc2","Kris Oberbrunner","Isabella.Kertzmann16@gmail.com","948.187.6750","ADD"
"rnxpl","Percival Kreiger","Fleta_Abshire81@hotmail.com","1-051-019-7054 x8257","ADD"
"zspk8","Leopoldo Nolan","Neoma50@hotmail.com","(007) 256-2707","ADD"
"llk34","Tyler Gusikowski","Robin3@hotmail.com","(040) 987-9033 x955","ADD"
"6w3fo","Adolfo Veum IV","Jacynthe_Auer@hotmail.com","739.141.8807 x5666","ADD"
"xqamy","Addison Jacobi","Josiane.Hayes@hotmail.com","1-190-350-9157","ADD"
"symj9","Sadie Hirthe","Ole76@yahoo.com","(583) 036-7911 x51103","ADD"
"kpguw","Brian Cronin","Leonard_Strosin@hotmail.com","(118) 300-6752 x86611","ADD"
"ffu0e","Bernice Considine","Jackie.Corkery@yahoo.com","210-789-9753 x07200","ADD"
"mkf5u","Leanne Zieme","Ricky.Mohr@yahoo.com","1-863-314-8760","ADD"
"1bq8d","Titus Labadie","Cortez.Quitzon95@gmail.com","1-811-734-5353 x0018","ADD"
"5lfvj","Michelle Pagac","Kimberly55@gmail.com","1-767-147-0583","ADD"
"9i2t8","Breanna Bogan","Karianne.Greenholt@gmail.com","049-148-0287 x79594","ADD"
"17axc","Marjorie Stehr","Piper44@yahoo.com","1-156-385-9764","ADD"
"ldwjx","Cayla Wiza","Elroy.Collier@gmail.com","718-165-6179 x348","ADD"
"avg7y","Akeem Wilderman","Eldon_Howe@yahoo.com","1-497-306-6599 x370","ADD"
"xrjxc","Eleazar Towne","Beatrice39@hotmail.com","(094) 758-4673 x318","ADD"
"c3byh","Art Gutkowski","Fabian_Koss@gmail.com","(742) 853-8591 x6170","ADD"
"fzcxz","Mrs. Orlo Luettgen","Elvis68@yahoo.com","1-961-627-5150","ADD"
"p3lxr","Sid Corwin","Norwood4@hotmail.com","893-264-6209","ADD"
"7pe2g","Pascale Goodwin","Imani.Zemlak@gmail.com","1-590-007-1314","ADD"
"tt6w4","Brooks Smitham","Tito29@yahoo.com","094-439-0479 x0434","ADD"
"kepye","Vena Cremin","Doyle_Walsh@yahoo.com","1-935-553-0262","ADD"
"qj0vk","Lorenzo Moore","Deontae_Tillman12@yahoo.com","787-118-7630 x906","ADD"
"qssbj","Mrs. Dusty Wolff","Hollie18@gmail.com","(707) 050-6356 x670","ADD"
"0268e","Katherine Hagenes","Lillie74@yahoo.com","(335) 462-9107 x63233","ADD"
"attav","Telly Moore","Verona_Thompson@yahoo.com","(140) 061-9270 x588","ADD"
"aww05","Carmen Brakus","Nya_Kozey5@hotmail.com","1-579-940-2145 x2457","ADD"
"e0rye","Mrs. Cordell Schaden","Kevin52@hotmail.com","(673) 484-7896 x22570","ADD"
"dmezv","Lorenza Rodriguez","Mollie.Hagenes@gmail.com","890.327.8883 x7839","ADD"
"r6s5u","Eveline Thompson","Zena_Feeney@gmail.com","(728) 747-8767 x2283","ADD"
"6zo3t","Mr. Emilia O'Reilly","Chet23@yahoo.com","691.018.9570 x377","ADD"
"97kft","Philip Anderson","Ashly_Murphy@gmail.com","1-346-598-2192 x880","ADD"
"bdnei","Giovanny Skiles","Maci_Botsford@yahoo.com","041.380.8992","ADD"
"mrrzg","Abdiel Konopelski","Shanny62@gmail.com","(799) 907-0926 x5994","ADD"
"w9jwk","Kayleigh O'Conner","Kayden.Lowe66@hotmail.com","(764) 904-3290 x1213","ADD"
"kvd8l","Destin Braun","Felicita.Treutel90@hotmail.com","1-009-284-3398","ADD"
"qup3u","Merl Champlin","Kenton78@gmail.com","494.131.3877","ADD"
"uy6rv","Jedediah Mueller","Minerva_Aufderhar@hotmail.com","1-154-384-8762 x0513","ADD"
"cq3at","Miss Hulda Rippin","Hassan_Huel@hotmail.com","787-347-3456 x1950","ADD"
"tvbds","Carson Moore","Ashlee11@hotmail.com","1-493-990-7776 x678","ADD"
"xsrmi","Creola Dickens","Dasia_Beier@hotmail.com","(766) 954-7369 x57334","ADD"
"pmi79","Vada Spinka","Eileen.Feest27@yahoo.com","382.150.7314","ADD"
"eexb6","Martina Hartmann","Mario.Brekke@hotmail.com","867.539.6753 x0286","ADD"
"gs2bk","Maxime Reichel","Annie.Howell@gmail.com","(766) 260-4559 x0189","ADD"
"00073","Jaleel Huel","Maximillian.Gaylord61@hotmail.com","078-221-2303 x149","ADD"
"sitnm","Isabelle Bogisich I","Meredith.Pfannerstill@gmail.com","1-631-809-2555","ADD"
"hdcz9","Ayden Hoppe","Ella_Rath@hotmail.com","576-203-9126 x90344","ADD"
"2i2p2","Virgie Schuppe","Rylan10@yahoo.com","1-612-486-1384","ADD"
"rluqi","Alexa Bernier","Douglas.Buckridge@hotmail.com","167-682-4294","ADD"
"oc8ah","Desiree Dietrich","Kiera_Haag@gmail.com","(723) 804-1709 x01793","ADD"
"ehp4y","Hollis Grady","Lacy_Keebler37@hotmail.com","(275) 938-4988 x6238","ADD"
"z7bq8","Cameron Schuppe","Haskell.Kihn2@gmail.com","627.603.6580","ADD"
"qrdqw","Otilia Koss Sr.","Wyman52@gmail.com","632-182-1609 x167","ADD"
"hoemd","Marilyne Parisian","Lane_Gulgowski@yahoo.com","461-296-0875","ADD"
"m9ckg","Dee Glover","Dudley_Kohler38@yahoo.com","(919) 492-7836 x7882","ADD"
"dgx6v","Yazmin Jacobs","Deangelo.Leuschke@gmail.com","(882) 677-1564","ADD"
"zq0f4","Bennie Keeling","Angel_McClure@gmail.com","(403) 163-1702","ADD"
"k8ln7","Rachel Wolff","Bradford_Harris@gmail.com","661.996.6978","ADD"
"c05ma","Ola Gottlieb","Larissa12@gmail.com","631.893.8328","ADD"
"74ey1","Beulah Zemlak","Jacques37@hotmail.com","1-756-181-6451","ADD"
"5qfxe","Gino Robel","Cheyanne_Russel32@gmail.com","(589) 783-7982 x94837","ADD"
"qdi3t","Ruby Flatley","Myah18@hotmail.com","240.433.4209","ADD"
"x0y8e","Lindsey Gerhold","Wendell.Hammes49@hotmail.com","1-392-188-3611","ADD"
"d2rct","Velma Schaefer","Santiago_Willms@yahoo.com","146-114-7871","ADD"
"kmxse","Violette Reinger","Thora.Sawayn@hotmail.com","855.540.3147","ADD"
"3ar3l","Winnifred Stokes","Mattie81@yahoo.com","937-873-1649 x1507","ADD"
"kflgh","Nelson Metz PhD","Aliza44@hotmail.com","(620) 257-2872 x4572","ADD"
"5c4si","Eveline Ondricka","Hermann96@hotmail.com","938-070-9392 x6381","ADD"
"39z0y","Brycen Kreiger","Kolby_Lubowitz@gmail.com","(796) 440-8742","ADD"
"scc0v","Vladimir D'Amore","Axel.Rice@hotmail.com","1-319-864-0604 x22928","ADD"
"bgqle","Rachael Ritchie","Mariana_Marvin43@yahoo.com","972-550-8200","ADD"
"u3v1a","Lucius Labadie","Milford22@hotmail.com","(869) 162-6476","ADD"
"42gtw","Piper Adams","Daisha_Ward@yahoo.com","(537) 876-6501","ADD"
"yk0or","Giovanny Rempel","Josh_Ryan14@yahoo.com","131.988.3862 x71992","ADD"
"fm26j","Jude Auer","Mackenzie_Smith@yahoo.com","198-876-1073 x13849","ADD"
"hzk2c","Isom Johnson","Weston_Schulist@gmail.com","704-081-8998","ADD"
"pptc9","Walton Schaefer","Xavier_Farrell@gmail.com","293-347-9052 x9677","ADD"
"q01pj","Daren Lockman","Elouise.Legros78@yahoo.com","771.104.1305 x810","ADD"
"exa1l","Pietro Hackett","Suzanne_Frami@gmail.com","962-487-3151 x16936","ADD"
"6rbe3","Melody Gulgowski","Luigi.Blanda86@gmail.com","1-776-991-9008","ADD"
"l9n1u","Hudson Hettinger","Woodrow.Pfannerstill78@gmail.com","1-054-804-5922","ADD"
"kbwch","Dwight Mertz","Minerva14@hotmail.com","(309) 849-7529 x0538","ADD"
"yoz63","Natasha Kuphal DDS","Sebastian19@yahoo.com","(561) 210-4495","ADD"
"ie96b","Marco Emard","Antonette.Mayer0@yahoo.com","(471) 220-8930 x0881","ADD"
"zcixd","Adelbert Hand","Alana65@yahoo.com","996.746.0282 x315","ADD"
"f7p5i","Margret Conn","Brooklyn_Barrows18@hotmail.com","083-989-3730","ADD"
"fin0r","Rosalia Boehm","Elouise84@hotmail.com","1-263-848-7560","ADD"
"nwoqf","Sydney Williamson","Maia_Powlowski@yahoo.com","256-588-3261 x05743","ADD"
"up42h","Verona Frami","Mabelle.Kerluke55@hotmail.com","1-184-448-1447 x501","ADD"
"6k1w2","Lindsey Prohaska","Heath.Gleason@yahoo.com","746.145.2660 x149","ADD"
"ctxru","Cleveland Gutkowski","May86@gmail.com","(357) 214-0381 x947","ADD"
"hux2i","Lamont Wolf MD","Effie75@hotmail.com","(480) 511-6492","ADD"
"0gpbw","Lorenzo Mueller","Lionel72@gmail.com","1-121-322-1796 x4041","ADD"
"74v5j","Vito Pouros","Claudia.Cormier@hotmail.com","(416) 981-2416 x107","ADD"
"fwybu","Mrs. Trinity Cartwright","Alexandria_DAmore18@yahoo.com","(717) 064-2408 x54060","ADD"
"mirt4","Dr. Alexane Huel","Dulce.Breitenberg@hotmail.com","981.799.7806 x261","ADD"
"ytkt5","Seth Bednar","Victoria27@gmail.com","858-428-6590 x87934","ADD"
"25py7","Jerrod Harber","Earline.Herman@gmail.com","(641) 916-5042","ADD"
"1vp1n","Forest Lemke","Kattie30@hotmail.com","(290) 759-0483","ADD"
"3ra5i","Fae McKenzie","Eliane10@gmail.com","954.494.9107","ADD"
"sucn5","Tressa Dare","Thora58@yahoo.com","(199) 068-8176 x194","ADD"
"qe4uo","Ashleigh Bernhard","Magnolia90@yahoo.com","(082) 825-8051","ADD"
"mzlt8","Ms. Heidi Bayer","Devonte9@yahoo.com","(538) 604-3322 x6096","ADD"
"g83gi","Ellen Douglas","Floyd_Rempel56@hotmail.com","230-096-6553 x150","ADD"
"pjpdt","Malachi Spinka","Viva.Kozey5@hotmail.com","1-741-158-0416 x820","ADD"
"n4daq","Royal Waelchi I","Lyda33@gmail.com","396-423-6079","ADD"
"2y63o","Dannie Okuneva","Rhianna.Corwin@gmail.com","(872) 670-1305","ADD"
"iocj6","Hans Beier","Arden_Reichert@gmail.com","556-560-8117 x003","ADD"
"53p49","Efren Leuschke","Watson_Wunsch@yahoo.com","267-562-9331 x413","ADD"
"eo0hj","Manuela Denesik","Zita.Sanford@hotmail.com","541-223-3314","ADD"
"qja7h","Ashlynn Herzog","Coy.Mills@hotmail.com","(250) 413-1760 x8534","ADD"
"9ckjd","Eliezer Schmeler","Domenick74@hotmail.com","228-043-3019","ADD"
"3q9d9","Danika Hermiston I","Sammie.Marquardt44@yahoo.com","014-017-0955 x8404","ADD"
"laiqz","Antonia Russel","Tyson.Hilll94@gmail.com","286-566-2745 x043","ADD"
"g99j1","Ignatius Bechtelar","Americo.Legros58@hotmail.com","627.051.0998 x03016","ADD"
"e8nuq","Urban Lang II","Teagan.Pagac@hotmail.com","1-758-919-8109 x07629","ADD"
"wzj2v","Mertie Bernhard V","Stewart_Frami@gmail.com","(189) 911-8934 x568","ADD"
"7lgz4","Moises Koss","Chelsey.Crona53@yahoo.com","(281) 144-9019 x30988","ADD"
"ymdvj","Trycia Hane","Violet99@gmail.com","409.803.7347 x0942","ADD"
"17hb5","Buck Veum","Forrest2@hotmail.com","1-579-053-6432","ADD"
"k10w5","Velva Bins","Jayce.Reilly@yahoo.com","504-116-2518 x800","ADD"
"q9k9j","Serenity Hegmann","Reid8@hotmail.com","(911) 275-5119 x810","ADD"
"s55ey","Ms. Elise Bergnaum","Gaylord.Feeney@gmail.com","1-338-569-9967","ADD"
"93f6h","Odell Stehr II","Candida.Bechtelar@gmail.com","528-550-8386 x2958","ADD"
"ztmf0","Desmond Conn","Jordan.Goodwin@hotmail.com","318.157.2196","ADD"
"cuful","Bernadine Smitham","Maud_Torphy@hotmail.com","475.183.1859","ADD"
"94f4m","Reggie Schmeler V","Ben_Wisozk@hotmail.com","399.947.1856 x1324","ADD"
"5c483","Ernest Gleichner","Skyla.Shields@gmail.com","539.944.9754 x14531","ADD"
"2a5r7","Torrance Leannon","Earnest_Hermann47@hotmail.com","(552) 441-5323 x425","ADD"
"g50zn","Mckayla Windler","Fay_Kris@yahoo.com","962-527-1626","ADD"
"vpxvg","Marques Torphy","Paris_Marks@yahoo.com","459-625-5998 x771","ADD"
"wre2s","Lexie Fay","Anderson_Ferry95@hotmail.com","767.341.4767","ADD"
"jwoku","Anjali Doyle","Marjory30@gmail.com","(028) 211-6820 x57159","ADD"
"xxwi1","Christina Borer","Lambert_Leuschke@gmail.com","1-731-397-8260","ADD"
"xvq8t","Adele Turner IV","Selena81@gmail.com","(138) 548-2557","ADD"
"z7vbf","Whitney Lebsack","Osvaldo.Lockman@yahoo.com","226-218-1936 x51371","ADD"
"hxzdl","Missouri Grant","Alexanne9@yahoo.com","1-933-635-2883 x736","ADD"
"i400w","Rachelle Green","Reymundo.Ankunding24@hotmail.com","1-998-444-3583","ADD"
"j3w2x","Trenton Nicolas","Giuseppe6@hotmail.com","572-994-7521","ADD"
"4ahb1","Raymundo Kub Sr.","Josefina_Wilkinson17@yahoo.com","963-347-4051","ADD"
"5b1sm","Claud Tromp","Lloyd47@hotmail.com","765.165.6983","ADD"
"d3e0h","Aracely Medhurst","Roel_McKenzie78@hotmail.com","047.647.9292 x212","ADD"
"g7z5c","Brody Kertzmann","Jarrett.Mitchell36@yahoo.com","789.331.2768 x427","ADD"
"losgx","Antonina Dibbert","Trent_Cruickshank64@hotmail.com","(426) 583-5544 x3053","ADD"
"ejrny","Otha McKenzie","Merlin.Hermiston@hotmail.com","1-829-506-9276 x885","ADD"
"x27vm","Dr. Hal Olson","Erich_Strosin66@hotmail.com","691-539-9409 x25349","ADD"
"vu18e","Melyssa Gerhold","Lisette.Stroman98@gmail.com","1-684-364-0376 x072","ADD"
"4wb3b","Lavern Wolff","Summer_Gutmann@hotmail.com","(655) 529-1101 x70478","ADD"
"sc3re","Laisha Harris","Velma.Rippin91@gmail.com","128.504.5005 x87566","ADD"
"ca1pl","Ocie O'Conner","Bernadine_Treutel@gmail.com","464.966.1843 x0299","ADD"
"beicc","Lacy Steuber","Patricia67@hotmail.com","866-250-6617 x0395","ADD"
"weurc","Miss Myrl Lehner","Sunny53@yahoo.com","205-780-0556 x003","ADD"
"4sfvz","Antoinette Crona","Fidel_Ullrich56@gmail.com","1-326-194-4043 x37005","ADD"
"gl5jh","Dr. Christian Mann","Katlyn.Kassulke68@hotmail.com","(821) 765-0730 x13976","ADD"
"s3l18","Marcelino Harris","Ocie_Kling10@yahoo.com","812-172-2105","ADD"
"dfaua","Thad Kertzmann","Megane65@gmail.com","689.236.1154","ADD"
"tw50q","Emmet Collier","Chauncey_Schoen77@gmail.com","1-508-166-3754","ADD"
"87n1m","Cleve Konopelski","Braxton_Johns94@hotmail.com","1-454-992-0578","ADD"
"3uz9a","Nash Bins MD","Thomas.Bernier@hotmail.com","318-392-4762 x323","ADD"
"do0tb","Miss Fausto Gleichner","Dasia.Hudson86@gmail.com","(762) 566-8276 x15536","ADD"
"fptm6","Maryjane Corwin","Henriette_Kilback@hotmail.com","(603) 387-0656","ADD"
"hl1j2","Dr. Stuart Schneider","Rylee_Schiller38@hotmail.com","880-070-3280 x87062","ADD"
"enbw1","Benjamin Bins","Erich38@gmail.com","1-176-574-4497 x427","ADD"
"x1447","Stephon Jakubowski II","Mara_Kohler20@hotmail.com","(968) 170-6673","ADD"
"2f46w","Elyssa Schoen","Leora.Dibbert16@gmail.com","1-642-139-8457 x8502","ADD"
"ct27a","Jessyca Kub","Sylvia.Feeney@hotmail.com","186-038-0089","ADD"