"code","name","email","phone"
"anz4g","Demond Fisher","Dorian_Harber@yahoo.com","(932) 064-8755 x690"
"fa5zn","Mr. Dameon Mann","Freeman73@gmail.com","965.223.7333"
"ef3di","Branson Konopelski","Darrion68@gmail.com","711-724-1442 x11355"
"qwzmv","Nick Parisian","Darrick.Bashirian@gmail.com","1-411-074-2039"
"w9h6o","Rodolfo Bergnaum","Savion.Gleichner@gmail.com","1-969-304-1586 x4149"
"zcu9o","Ellen Vandervort","Hailey_McDermott62@yahoo.com","1-653-683-6132 x4816"
"pizgo","Sven Williamson","Brisa89@gmail.com","(434) 849-9482 x3946"
"gcqc6","Coleman Halvorson","Ara.Gulgowski@hotmail.com","(363) 272-6099 x946"
"43ggb","Fabian Powlowski III","Maxie_Denesik@yahoo.com","990.524.2353"
"qggzb","Mrs. Austin Bosco","Cora_Will@gmail.com","632-454-9017 x428"
"i3c7r","Jayson Wehner V","Bella27@gmail.com","926-473-8728 x178"
"ftvrl","Ms. Clovis Paucek","Helene92@hotmail.com","054.412.7760"
"260yh","Jonathon Ledner","Paxton19@yahoo.com","1-495-303-7454 x448"
"5vpfx","Susana Waelchi","Dustin.McClure@yahoo.com","579.454.9130"
"4ybwj","Dandre Hermann","Ellis_Steuber@hotmail.com","1-949-466-5725"
"8g5cd","Frank Hilll","Breanna19@yahoo.com","(724) 372-7524 x15242"
"hzw06","Orin Schuster","Jacklyn.Hyatt54@gmail.com","357.233.0919"
"jfp7t","Chelsie Zulauf","Leilani.Howe57@hotmail.com","(280) 877-9775"
"upgkf","Gaetano Feest","Damien_Marquardt63@yahoo.com","(624) 765-0723 x82921"
"dd7wd","Turner Bergnaum","Ramiro_Medhurst@gmail.com","073.740.2367 x80486"
"qkfyu","Mr. Elwyn Schoen","Michaela28@yahoo.com","1-745-405-4892 x6524"
"q2bdf","Myrna Senger","Mitchel.Torphy@gmail.com","891-558-7678 x1714"
"xhae9","Winnifred Waelchi","Travis65@gmail.com","089-842-5888 x9974"
"3fw24","Oma Boehm","Loma_Raynor@yahoo.com","(670) 335-7369"
"pvbrq","Grayce Hartmann DVM","Nichole24@gmail.com","288.570.3669 x99962"
"5fap0","Emerald Zboncak","Eleanore_Stoltenberg39@yahoo.com","(295) 235-8006 x79709"
"g4bm8","Edward Dickens","Kassandra40@yahoo.com","020-877-4599 x698"
"tpj6c","Lempi Hudson Jr.","Carey64@yahoo.com","193-202-8339"
"7plop","Rosamond Donnelly","Eda74@hotmail.com","723-639-7359 x80386"
"t95uk","Petra Rolfson","Brando.Koepp99@hotmail.com","(263) 278-0064 x06590"
"akvcl","Lynn Cronin","Delilah.Bogan12@gmail.com","1-222-267-1327 x6163"
"e1h0p","Gideon Mueller","Gregg50@yahoo.com","852-592-5468 x46413"
"5rbxp","Marvin McLaughlin","Derick.Conn@hotmail.com","(839) 801-8284"
"k2q8x","Maybelle Hoppe","Kirsten_Bailey18@hotmail.com","334.814.3040"
"2ihxc","Helga Brekke","Leonardo.Hackett@hotmail.com","(969) 678-9958"
"1ftvt","Sabrina Balistreri","Aurelia_Schulist53@gmail.com","351-661-4645"
"8w53b","Skye Muller","Irwin.Dicki@gmail.com","1-470-400-5930"
"kk498","Triston Predovic","Troy.Lindgren37@yahoo.com","696.454.2556 x431"
"upi96","Brett Pfeffer","Ernest.Mosciski@yahoo.com","266.569.8903"
"p89xh","Lucas Dach","Mya.Pacocha76@gmail.com","232.459.1722 x08498"
"xapmt","Otho Dooley","Aurelia_Wolff4@hotmail.com","1-161-095-7685 x51554"
"bf3a2","Miss Antoinette Bechtelar","Aida96@hotmail.com","061-069-7914"
"7uqcp","Aleen Hegmann","Madison_Hauck62@gmail.com","(988) 217-3141"
"427em","Noel Rippin","Kaleb38@gmail.com","1-147-369-8833 x27954"
"pgu2h","Freddy Heidenreich","Benedict.Larkin67@yahoo.com","650.055.1105 x521"
"s0rw9","Jacky Huels","Laurence33@hotmail.com","125-277-7898"
"j4keg","Tracy Feeney","Sonia.Hettinger@hotmail.com","006-805-3229"
"esv4o","Charlie Langosh","Lauryn_Gorczany27@yahoo.com","432.999.5865 x585"
"k4wbm","Neal Ortiz","Isabel_Runolfsdottir@gmail.com","(316) 510-0697"
"aoue7","Joelle Mayer Jr.","Giuseppe86@hotmail.com","439.826.1978 x89878"
"niirf","Antwon Flatley","Cierra39@hotmail.com","700.612.2217 x45366"
"uogln","Ms. Emilia Dietrich","Pearl.Upton59@hotmail.com","325-022-4133"
"t82z9","Nichole Schultz V","Terence84@hotmail.com","(418) 199-4420"
"boeee","Kaitlin Heller","Shemar27@gmail.com","049-775-2758"
"l1ljt","Mrs. Gladys Mills","Melyssa85@yahoo.com","(857) 859-2175 x220"
"notgo","Miss Jewell Leffler","Everette.Thiel52@hotmail.com","149-208-5357 x045"
"tb4yr","Kayli Kuhic","Elisa_Schneider@yahoo.com","(598) 685-8728 x10224"
"ogry6","Emilie Fay","Emmanuelle_Swaniawski95@gmail.com","205.014.2360 x846"
"5rih9","Luciano Langworth","Monty_Spinka@yahoo.com","837-004-5922"
"gb6ox","Rafael Haag","Reta50@gmail.com","503.475.4593"
"xo6t4","Thaddeus Stokes PhD","Zella61@gmail.com","833-306-9936 x36578"
"jsdwl","Richard Bogisich","Asia_Pfannerstill72@hotmail.com","(708) 101-5976"
"99tuz","Toy Willms","Melany.Stark@yahoo.com","(608) 029-9764"
"bremd","Leone Harber","Allene.Dietrich@hotmail.com","(491) 497-9560"
"yupf1","Roma Homenick","Julie89@hotmail.com","462.445.7042 x244"
"xw2hu","Mr. Antonietta Bauch","Hubert_Anderson@yahoo.com","1-834-750-1174 x90950"
"g08jd","Daniella Osinski III","Vallie_Gorczany@gmail.com","769-992-5726 x5100"
"1onje","Kylie Renner","Velva_Langworth5@hotmail.com","(369) 499-7623"
"79ysm","Corine Quitzon","Joe_Hansen62@gmail.com","1-470-188-6256"
"hwqkc","Mrs. Yolanda Lueilwitz","Aliyah65@hotmail.com","1-130-310-6965"
"svaek","Lee Blanda","Alexander.Cronin6@hotmail.com","1-369-440-9810 x807"
"4ar6v","Kimberly Kutch","Kavon.McClure@gmail.com","380-273-3580"
"pvjd2","Amalia Bogisich","Colt_Gaylord@gmail.com","996.599.5097 x14270"
"9dk4m","Ms. Myrtice Haag","Kenny14@hotmail.com","(109) 115-9918 x00426"
"deamj","Jayden Erdman","Tod.Howe47@hotmail.com","168.252.7508 x44874"
"lxf8h","Miss Tristin Fadel","Hubert.Roberts91@gmail.com","434.799.6977"
"7q1vm","Zackary Bode","Arielle62@yahoo.com","169.974.1817"
"m5kpo","Joelle Breitenberg MD","Christ.Swaniawski95@hotmail.com","(527) 878-1349 x559"
"1ahj8","Henri Blanda","Nikko73@yahoo.com","1-999-401-7790 x759"
"hyebq","Bell Considine","Ruthie18@yahoo.com","(199) 707-6121"