"code","name","email","phone","academic_rank","action"
"kwf4h","Dr. Verdie Blanda","Oceane37@yahoo.com","(501) 094-6828 x400","lic.","ADD"
"tk6zd","Carol Kozey","Dejuan26@gmail.com","372-048-8428 x5765","dr.","ADD"
"71snj","Green Lueilwitz","Mireya73@yahoo.com","1-644-318-0404 x3087","dr.","ADD"
"xby3i","Oren Brekke","Katlynn_Friesen@gmail.com","064-507-0835 x656","dr.","ADD"
"li6sn","Vern Schinner","Zoey19@yahoo.com","(730) 240-5586","prof.","ADD"
"t2f9z","Conner Hartmann","Jean_Blick27@gmail.com","438.579.4065","lic.","ADD"
"9l93r","Dean Kuvalis","Schuyler_Durgan@hotmail.com","610.304.7796 x4126","prof.","ADD"
"o65h7","Chance Goldner Sr.","Lennie_Blanda@gmail.com","451.588.0203 x4405","prof.","ADD"
"gwe6v","Marcelo Ritchie","Aiyana48@gmail.com","(983) 907-3000 x75871","lic.","ADD"
"cq48c","Jade Haag","Albina6@hotmail.com","008-197-4757 x020","prof.","ADD"
"turgj","Earl Champlin","Julianne73@gmail.com","008.580.8306 x310","dr.","ADD"
"o000y","Amani Mayer","Joaquin.Gislason50@gmail.com","637-793-9798 x57408","prof.","ADD"
"nuwa7","Camylle Conn","Ludwig19@yahoo.com","1-108-818-6454","prof.","ADD"
"92duf","Yesenia Towne","Edwina_Mann74@gmail.com","617.952.3569 x84355","dr.","ADD"
"jssa0","Mr. Gustave Zulauf","Constance_Boehm1@hotmail.com","789-391-7416","lic.","ADD"
"lk0e4","Coralie Quigley","Brycen.Runolfsson39@hotmail.com","1-748-753-5831 x75809","dr.","ADD"
"8az9x","Green McDermott","Sienna73@hotmail.com","1-094-128-0684","lic.","ADD"
"bf1la","Kristy Wuckert","Ally.Fritsch23@hotmail.com","1-229-898-5723","lic.","ADD"
"gpocj","Jason Moore","Janiya_Turcotte96@hotmail.com","1-965-117-1383 x8232","dr.","ADD"
"n6g58","Luella Fadel","Frederick96@gmail.com","1-667-295-0859 x1967","lic.","ADD"
"9n8dd","Daphnee Ullrich Jr.","Miguel.Little99@yahoo.com","452.948.7468 x3925","lic.","ADD"
"wj8ow","Alvah Ferry Sr.","Hubert13@yahoo.com","1-465-311-6441 x888","lic.","ADD"
"k6vt8","Meggie Dickinson","Emmitt17@yahoo.com","339.579.8541 x565","lic.","ADD"
"bi3hh","Elvera Roob","Kylie91@yahoo.com","1-325-319-9206 x1165","dr.","ADD"
"g1dx4","Araceli Gibson","Samir_Reichert10@gmail.com","312-132-3494 x25265","dr.","ADD"
"wfy0t","Heber Bergstrom","Fatima.Hyatt@gmail.com","1-673-561-5373 x478","lic.","ADD"
"43vu4","Emely Schowalter","Malachi96@yahoo.com","258-632-9652 x8327","lic.","ADD"
"6j8l9","Michele Stiedemann","Warren82@yahoo.com","1-527-485-9725 x31560","prof.","ADD"
"hkdh7","Lolita Maggio II","Irwin.Dach@gmail.com","(082) 393-1307 x112","prof.","ADD"
"t1zbi","Joanie Schumm","Brent.Thiel6@hotmail.com","241-548-8813 x321","prof.","ADD"
"hjf2k","Litzy Cormier","Jamel.Wisozk@gmail.com","(257) 804-3854 x791","lic.","ADD"
"0iq4a","Rickie Tremblay","Yvonne38@yahoo.com","1-403-367-0019","dr.","ADD"
"e5vrl","Verla Herman Jr.","Domenica_Stoltenberg@gmail.com","1-191-889-1717","dr.","ADD"
"68fjb","Karley Baumbach","Lonnie_Pagac88@gmail.com","1-356-176-2624 x858","dr.","ADD"
"33zxy","Ima Hegmann","Miller.Schulist26@gmail.com","555.157.4849","dr.","ADD"
"5lt7p","Seamus Ullrich","Cody.Grady33@gmail.com","514-767-7888","lic.","ADD"
"lhxsi","Royce Wiegand","Carolanne_Klein16@hotmail.com","075.929.5265 x755","prof.","ADD"
"lsa1p","Rosalyn Turner","Alberta36@gmail.com","459-868-9408 x67267","lic.","ADD"
"zuza5","Mrs. Narciso Stiedemann","Electa_Howell43@gmail.com","812.279.4655","dr.","ADD"
"51i41","Ms. Gunnar Hegmann","Rhett76@hotmail.com","(124) 869-6391","prof.","ADD"
"vc1qy","Elmo Hodkiewicz","Isabelle_Luettgen87@gmail.com","(271) 481-9180","prof.","ADD"
"4z72p","Gregoria Schowalter DVM","Seamus74@yahoo.com","(975) 982-2554 x211","prof.","ADD"
"6fson","Cheyenne Orn","Kiarra67@hotmail.com","118-688-5006 x9179","lic.","ADD"
"ghke7","Aurelie Breitenberg","Johan10@hotmail.com","386.368.2487 x8053","prof.","ADD"
"kv15d","Dorris Gislason","Tanner_Howell@yahoo.com","(058) 326-1425 x688","dr.","ADD"
"66w7p","Christian Corwin","Everett.Marquardt74@gmail.com","667.626.2402","lic.","ADD"
"r83ng","Myra Boyle","Hillard.Emard@yahoo.com","(463) 182-2194 x4476","prof.","ADD"
"6cnjk","Cheyanne Schowalter","Eliseo_Deckow38@gmail.com","(945) 296-4717 x505","prof.","ADD"
"a3h2d","Kurt Jerde","Garth_Veum@gmail.com","218-710-5487 x9777","prof.","ADD"
"yhfbj","Ms. Nicolas Koepp","Merlin54@yahoo.com","033.139.1104","prof.","ADD"
"tiovx","Orval Beier","Michele.Morissette2@yahoo.com","926.041.4392 x104","dr.","ADD"
"275ec","Misael Lehner","Beryl.Murphy@gmail.com","(441) 624-4682 x7077","dr.","ADD"
"6mvxf","Elenora Hyatt","Brayan.Parisian@hotmail.com","915-109-2226","dr.","ADD"
"7nvlf","Mrs. Waino Ritchie","Drake.Lemke@gmail.com","636.685.9852 x63244","lic.","ADD"
"orcl3","Vernice Ferry","Juliana_Collins28@hotmail.com","1-048-351-6060","lic.","ADD"
"057ok","Jamey Renner","Dorris_Emard0@yahoo.com","(297) 142-7360 x454","prof.","ADD"
"kowxc","Toni Towne","Eliza_Konopelski@yahoo.com","105-322-5219 x43558","dr.","ADD"
"q25ek","Meggie Swift","Kathryn_Stiedemann@hotmail.com","1-853-654-6476","lic.","ADD"
"z2a8r","Jillian Medhurst","Kale24@hotmail.com","1-797-291-2461 x996","prof.","ADD"
"fr984","Rory Block","Winona.Boehm@yahoo.com","(369) 827-7768","prof.","ADD"
"xg17z","Tessie Hilll","Drew10@gmail.com","1-206-664-3471 x10828","dr.","ADD"
"ay3dk","Margarett Kshlerin IV","Earlene_Dooley95@gmail.com","1-612-830-0013 x94366","prof.","ADD"
"93tup","Henderson Murazik V","Michale_Auer31@hotmail.com","107-955-0339 x619","prof.","ADD"
"bbh06","Ms. Felicia Marks","Elwyn98@gmail.com","(957) 640-1198","lic.","ADD"
"xilcr","Faustino Macejkovic","Adam.Zulauf13@yahoo.com","1-273-174-3870 x073","lic.","ADD"
"uk450","Granville Mraz PhD","Keshawn.Gibson68@yahoo.com","920.421.2259 x31380","prof.","ADD"
"jokh3","Ms. Lauren Beier","Rylan30@gmail.com","408.921.7507","lic.","ADD"
"gu5ln","Tobin Rowe","Johnathan.Hegmann@gmail.com","025.102.8424 x382","lic.","ADD"
"7wb8d","Ms. Mustafa Krajcik","Russell.Heidenreich@yahoo.com","713-159-5743 x5299","prof.","ADD"
"rhpbe","Joanie Purdy","Antonietta68@hotmail.com","790.176.8271 x822","lic.","ADD"
"609v4","Mellie Prosacco","Herbert54@yahoo.com","(015) 165-4296","lic.","ADD"
"cgshq","Aleen Trantow","Summer82@gmail.com","209-455-4019","prof.","ADD"
"rv6bt","Mariam Graham","Rosalia_Bosco91@hotmail.com","258-332-5678","dr.","ADD"
"p0na2","Delphia Schuppe","Alyce.Macejkovic6@gmail.com","794.469.5008 x65601","lic.","ADD"
"y45t8","Loma Lowe","Garrick21@yahoo.com","639.379.7763","lic.","ADD"
"vifh4","Makenna Bode","Vernice.Mraz46@yahoo.com","1-270-164-4778","dr.","ADD"
"63ns7","Angelo Wiza","Dan.Kshlerin44@hotmail.com","282.629.5261","dr.","ADD"
"xh56m","Ruthie Miller","Kathryn_Boyer@hotmail.com","1-292-780-9476 x390","prof.","ADD"
"zazc6","Winona Mann","Kyla_Stoltenberg82@yahoo.com","(836) 115-1665","dr.","ADD"
"g4cu0","Cale Lindgren","Kareem89@hotmail.com","913.376.9071 x37652","prof.","ADD"
"3oc0p","Gavin Mann MD","Fausto_McGlynn@gmail.com","1-077-848-3185","prof.","ADD"
"0kjv0","Kiarra Larson","Melyssa38@gmail.com","1-202-751-2435 x746","lic.","ADD"
"ynvek","Daisha Heller PhD","Rosie.Weissnat4@gmail.com","061-125-0128","dr.","ADD"
"q7pw0","Clemens Schiller","Michael36@gmail.com","1-212-469-6426 x08951","lic.","ADD"
"q33vj","Angelica Stracke II","Francisco98@hotmail.com","(055) 184-0680 x78993","dr.","ADD"
"1nbwc","Tatum Abshire Sr.","Irving.Trantow@hotmail.com","125-335-3448 x5141","prof.","ADD"
"cvolo","Kelsi Lemke","Alisha_Eichmann49@gmail.com","720-319-9066","dr.","ADD"
"sc2qn","Derek Kihn","Icie11@gmail.com","786-493-5426","prof.","ADD"
"biaxt","Kasey Fisher","Kiley_Bailey@yahoo.com","1-483-744-6252 x99711","lic.","ADD"
"r3nzh","Adelia Mohr","Priscilla44@hotmail.com","806-313-6933 x026","prof.","ADD"
"47az6","Conrad O'Reilly","Aylin.Wolf@hotmail.com","018-909-6196 x957","prof.","ADD"
"1wnix","Cruz Bernier","Nolan.Tromp@yahoo.com","(220) 478-5976 x6749","dr.","ADD"
"ttuuj","Monique Hyatt","Vita.Gaylord@hotmail.com","(195) 257-8984","lic.","ADD"
"seg5o","Nathaniel Franecki","Kenton88@gmail.com","275.052.8582 x66115","dr.","ADD"
"u91vq","Thomas Heathcote II","Ellen.Botsford69@yahoo.com","898-289-1161","lic.","ADD"
"w560c","Elliott Stanton Sr.","Nils_Auer@yahoo.com","076-758-0079","prof.","ADD"
"c06h3","Lucile Effertz","Leone_Gleason@yahoo.com","(831) 851-2383","lic.","ADD"
"xtkfq","Harmon Roob","Shawn25@hotmail.com","721.481.7596","prof.","ADD"
"6it05","Lawson Schaden DDS","Litzy_Ferry@gmail.com","(324) 289-7546","prof.","ADD"
"uvl2a","Ms. Armand Murray","Ova_Streich53@hotmail.com","1-248-674-6697","prof.","ADD"